{"cameraMode":{"drawMode":0,"name":"Shaded","section":"Shading Mode"},"sceneLighting":true,"audioPlay":false,"sceneViewState":{"m_AlwaysRefresh":false,"showFog":true,"showSkybox":true,"showFlares":true,"showImageEffects":true,"showParticleSystems":true,"showVisualEffectGraphs":true,"m_FxEnabled":true},"in2DMode":false,"pivot":{"x":10.819232940673829,"y":0.5392205715179443,"z":6.968143463134766},"rotation":{"x":-0.0009229701827280223,"y":0.9932497143745422,"z":-0.11797011643648148,"w":-0.012297254987061024},"size":1.1445523500442505,"orthographic":false}